First Name,Last Name,Email,Password,Birthday
Robert,Wang,kyleball@example.com,*Ec5RQsc5%,1971-03-13
Richard,Dominguez,iavila@example.org,5^6XGqC1(6,1990-12-18
Jacob,Valenzuela,martinezjustin@example.net,(67EZ^$f6h,1984-05-04
Michelle,Dickerson,karen29@example.net,K92d4FnA**,1968-03-20
Patrick,Cameron,cantumatthew@example.org,h)E)0NgL85,1966-03-29
Amy,Hogan,harrisoncaroline@example.com,$@X9ZBa($x,1986-08-31
Shannon,Huerta,jameswhite@example.com,w_5YQkf1tb,1970-06-30
Michael,Dalton,justin44@example.net,LIi6HVwx)c,1968-10-28
Patrick,Brooks,watsonpatrick@example.net,2_oz18Xp)O,1979-02-28
Mary,Martin,williamsharry@example.org,Ti46G5IzK$,1968-09-29
